{"x": [22.0, 22.5, 22.75, 23.0, 23.25, 23.5, 23.75, 24.0, 24.25, 24.5, 24.75, 25.0, 25.25, 25.5, 25.75, 26.0, 26.25, 26.5, 26.75, 27.0, 27.25, 27.5, 27.75, 28.0, 28.25, 28.5, 28.75, 29.0, 29.25, 29.5, 29.75, 30.0, 30.25, 30.5, 30.75, 31.0, 31.25, 31.5, 31.75, 32.0, 32.25, 32.5, 32.75, 33.0, 33.25, 33.5, 33.75, 34.0, 34.25, 34.5, 34.75, 35.0, 35.25, 35.5, 35.75, 36.0, 36.25, 36.5, 36.75, 37.0, 37.25, 37.5, 37.75, 38.0, 38.25, 38.5, 38.75, 39.0, 39.25, 39.5, 39.75, 40.0, 40.25, 40.5, 40.75, 41.0, 41.25, 41.5, 41.75, 42.0, 42.25, 42.5, 42.75, 43.0, 43.25, 43.5, 43.75, 44.0, 44.25, 44.5, 44.75, 45.0, 45.25, 45.5, 45.75, 46.0, 46.25, 46.5, 46.75, 47.0, 47.25, 47.5, 47.75, 48.0, 48.25, 48.5, 48.75, 49.0, 49.25, 49.5, 49.75, 50.0, 50.25, 50.5, 50.75, 51.0, 51.25, 51.5, 51.75], "y": [0, 0.0072693985538180295, 0.015644553099001923, 0.02665279303931034, 0.03994408086007417, 0.05520114311088753, 0.07213678430966564, 0.0904914061137514, 0.11003071674197651, 0.13054361669783932, 0.1518402478361296, 0.17375019373847067, 0.19612082022207633, 0.21881574560495298, 0.24171343109391408, 0.26470588235294124, 0.2876974539521975, 0.3106037489957071, 0.3333506067814448, 0.3558731718642496, 0.378115038372247, 0.40002746387389243, 0.421568647507624, 0.44270306747166144, 0.46340087332972124, 0.4836373289212281, 0.5033923019737687, 0.522649796802688, 0.5413975267494098, 0.559626523257694, 0.5773307787169588, 0.594506920415225, 0.6111539131423539, 0.6272727881680942, 0.6428663964900597, 0.6579391844050345, 0.6724969896038264, 0.6865468561260661, 0.7000968666376256, 0.713155990610414, 0.7257339470928453, 0.7378410808598672, 0.749488250824661, 0.760686729680492, 0.7714481138211928, 0.78178424266286, 0.7917071265579506, 0.8012288825564828, 0.8103616773278286, 0.8191176766109869, 0.8275090006115485, 0.8355476848101128, 0.8432456456899557, 0.8506146509315402, 0.8576662936582314, 0.8644119703515613, 0.8708628620857696, 0.8770299187603332, 0.882923846035952, 0.8885550947041507, 0.8939338522434417, 0.8990700363360002, 0.9039732901381775, 0.9086529791160307, 0.9131181892734962, 0.917377726615981, 0.9214401177060938, 0.9253136111810634, 0.9290061801132046, 0.9325255251056327, 0.9358790780254046, 0.9390740062854238, 0.9421172175948503, 0.9450153651054749, 0.9477748528885864, 0.9504018416833488, 0.9529022548636368, 0.9552817845757166, 0.9575458980041273, 0.9596998437276606, 0.9617486581314866, 0.9636971718452572, 0.9655500161804716, 0.9673116295435327, 0.9689862638037788, 0.9705779905983863, 0.9720907075583869, 0.9735281444421962, 0.9748938691649839, 0.976191293713972, 0.9774236799413331, 0.978594145227788, 0.9797056680112919, 0.9807610931763486, 0.9817631373005345, 0.9827143937557368, 0.9836173376624393, 0.9844743306961259, 0.9852876257455223, 0.9860593714229772, 0.9867916164277888, 0.9874863137637312, 0.9881453248124216, 0.9887704232645063, 0.989363298910935, 0.9899255612968388, 0.9904587432407366, 0.9909643042219693, 0.9914436336394074, 0.9918980539445853, 0.9923288236525168, 0.9927371402335029, 0.9931241428892981, 0.993490915217029, 0.9938384877642692, 0.9941678404786796, 0.9944799050556056, 0.9947755671870014, 0.9950556687150177]}